quadro,tc,segundos,cena,tipo,parametros
0.00,00:00:00:00.0,0,s1,corte,
0.00,00:00:00:00.0,0,,pulso,tempo=1
15.00,00:00:00:15.0,0.5,,pulso,tempo=0
22.00,00:00:00:22.0,0.7333,s1,whoosh,dur=14 pan=0
30.00,00:00:01:00.0,1,,pulso,tempo=0
45.00,00:00:01:15.0,1.5,,pulso,tempo=0
60.00,00:00:02:00.0,2,,pulso,tempo=1
75.00,00:00:02:15.0,2.5,s2,hit,
75.00,00:00:02:15.0,2.5,s2,corte,
75.00,00:00:02:15.0,2.5,,pulso,tempo=0
90.00,00:00:03:00.0,3,,pulso,tempo=0
101.00,00:00:03:11.0,3.3667,s2,tick,forte=1
105.00,00:00:03:15.0,3.5,,pulso,tempo=0
120.00,00:00:04:00.0,4,,pulso,tempo=1
135.00,00:00:04:15.0,4.5,,pulso,tempo=0
150.00,00:00:05:00.0,5,s3,corte,
150.00,00:00:05:00.0,5,,pulso,tempo=0
160.00,00:00:05:10.0,5.3333,s3,whoosh,dur=16 pan=-0.2 grave=1
165.00,00:00:05:15.0,5.5,,pulso,tempo=0
180.00,00:00:06:00.0,6,,pulso,tempo=1
195.00,00:00:06:15.0,6.5,,pulso,tempo=0
210.00,00:00:07:00.0,7,,pulso,tempo=0
225.00,00:00:07:15.0,7.5,,pulso,tempo=0
240.00,00:00:08:00.0,8,s3,whoosh,dur=16 pan=0.2
240.00,00:00:08:00.0,8,s4,corte,
240.00,00:00:08:00.0,8,,pulso,tempo=1
255.00,00:00:08:15.0,8.5,,pulso,tempo=0
270.00,00:00:09:00.0,9,,pulso,tempo=0
285.00,00:00:09:15.0,9.5,,pulso,tempo=0
300.00,00:00:10:00.0,10,,pulso,tempo=1
315.00,00:00:10:15.0,10.5,s4,whoosh,dur=18 pan=0 grave=1
315.00,00:00:10:15.0,10.5,s5,corte,
315.00,00:00:10:15.0,10.5,,pulso,tempo=0
321.62,00:00:10:21.6,10.7208,s5,tick,
322.88,00:00:10:22.9,10.7625,s5,tick,
323.50,00:00:10:23.5,10.7833,s5,tick,
324.13,00:00:10:24.1,10.8042,s5,tick,
324.75,00:00:10:24.8,10.825,s5,tick,
325.37,00:00:10:25.4,10.8458,s5,tick,
326.00,00:00:10:26.0,10.8667,s5,tick,
327.25,00:00:10:27.2,10.9083,s5,tick,
327.88,00:00:10:27.9,10.9292,s5,tick,
328.50,00:00:10:28.5,10.95,s5,tick,
329.12,00:00:10:29.1,10.9708,s5,tick,
329.75,00:00:10:29.8,10.9917,s5,tick,
330.00,00:00:11:00.0,11,,pulso,tempo=0
330.38,00:00:11:00.4,11.0125,s5,tick,
331.00,00:00:11:01.0,11.0333,s5,tick,
331.63,00:00:11:01.6,11.0542,s5,tick,
332.25,00:00:11:02.3,11.075,s5,tick,
332.87,00:00:11:02.9,11.0958,s5,tick,
333.50,00:00:11:03.5,11.1167,s5,tick,
334.75,00:00:11:04.7,11.1583,s5,tick,
335.38,00:00:11:05.4,11.1792,s5,tick,
336.62,00:00:11:06.6,11.2208,s5,tick,
337.25,00:00:11:07.3,11.2417,s5,tick,
338.50,00:00:11:08.5,11.2833,s5,tick,
339.13,00:00:11:09.1,11.3042,s5,tick,
339.75,00:00:11:09.8,11.325,s5,tick,
340.37,00:00:11:10.4,11.3458,s5,tick,
341.63,00:00:11:11.6,11.3875,s5,tick,
342.25,00:00:11:12.2,11.4083,s5,tick,
342.88,00:00:11:12.9,11.4292,s5,tick,
344.12,00:00:11:14.1,11.4708,s5,tick,
344.75,00:00:11:14.8,11.4917,s5,tick,
345.00,00:00:11:15.0,11.5,,pulso,tempo=0
345.38,00:00:11:15.4,11.5125,s5,tick,
346.00,00:00:11:16.0,11.5333,s5,tick,
347.25,00:00:11:17.3,11.575,s5,tick,
347.87,00:00:11:17.9,11.5958,s5,tick,
348.50,00:00:11:18.5,11.6167,s5,tick,
349.13,00:00:11:19.1,11.6375,s5,tick,
349.75,00:00:11:19.7,11.6583,s5,tick,
350.38,00:00:11:20.4,11.6792,s5,tick,
351.00,00:00:11:21.0,11.7,s5,tick,
360.00,00:00:12:00.0,12,,pulso,tempo=1
375.00,00:00:12:15.0,12.5,,pulso,tempo=0
377.00,00:00:12:17.0,12.5667,s5,tick,forte=1
390.00,00:00:13:00.0,13,,pulso,tempo=0
405.00,00:00:13:15.0,13.5,s5,whoosh,dur=20 pan=0.35
405.00,00:00:13:15.0,13.5,s6,corte,
405.00,00:00:13:15.0,13.5,,pulso,tempo=0
420.00,00:00:14:00.0,14,,pulso,tempo=1
435.00,00:00:14:15.0,14.5,,pulso,tempo=0
450.00,00:00:15:00.0,15,,pulso,tempo=0
465.00,00:00:15:15.0,15.5,,pulso,tempo=0
480.00,00:00:16:00.0,16,s7,whoosh,dur=10 pan=0.3
480.00,00:00:16:00.0,16,s7,corte,
480.00,00:00:16:00.0,16,,pulso,tempo=1
495.00,00:00:16:15.0,16.5,,pulso,tempo=0
510.00,00:00:17:00.0,17,,pulso,tempo=0
525.00,00:00:17:15.0,17.5,,pulso,tempo=0
540.00,00:00:18:00.0,18,,pulso,tempo=1
555.00,00:00:18:15.0,18.5,,pulso,tempo=0
570.00,00:00:19:00.0,19,s8,hit,
570.00,00:00:19:00.0,19,s8,corte,
570.00,00:00:19:00.0,19,,pulso,tempo=0
585.00,00:00:19:15.0,19.5,,pulso,tempo=0
586.00,00:00:19:16.0,19.5333,s8,tick,
589.00,00:00:19:19.0,19.6333,s8,tick,
592.00,00:00:19:22.0,19.7333,s8,tick,
595.00,00:00:19:25.0,19.8333,s8,tick,
598.00,00:00:19:28.0,19.9333,s8,tick,
600.00,00:00:20:00.0,20,,pulso,tempo=1
601.00,00:00:20:01.0,20.0333,s8,tick,
604.00,00:00:20:04.0,20.1333,s8,tick,
607.00,00:00:20:07.0,20.2333,s8,tick,
610.00,00:00:20:10.0,20.3333,s8,tick,
613.00,00:00:20:13.0,20.4333,s8,tick,
615.00,00:00:20:15.0,20.5,,pulso,tempo=0
630.00,00:00:21:00.0,21,,pulso,tempo=0
645.00,00:00:21:15.0,21.5,,pulso,tempo=0
660.00,00:00:22:00.0,22,,pulso,tempo=1
675.00,00:00:22:15.0,22.5,,pulso,tempo=0
690.00,00:00:23:00.0,23,,pulso,tempo=0
705.00,00:00:23:15.0,23.5,s9,hit,
705.00,00:00:23:15.0,23.5,s9a,corte,
705.00,00:00:23:15.0,23.5,,pulso,tempo=0
715.00,00:00:23:25.0,23.8333,s9,tick,forte=1
717.00,00:00:23:27.0,23.9,s9,tick,forte=1
719.00,00:00:23:29.0,23.9667,s9,tick,forte=1
720.00,00:00:24:00.0,24,,pulso,tempo=1
721.00,00:00:24:01.0,24.0333,s9,tick,forte=1
723.00,00:00:24:03.0,24.1,s9,tick,forte=1
725.00,00:00:24:05.0,24.1667,s9,tick,forte=1
727.00,00:00:24:07.0,24.2333,s9,tick,forte=1
735.00,00:00:24:15.0,24.5,,pulso,tempo=0
750.00,00:00:25:00.0,25,,pulso,tempo=0
765.00,00:00:25:15.0,25.5,,pulso,tempo=0
780.00,00:00:26:00.0,26,s9,hit,
780.00,00:00:26:00.0,26,s9b,corte,
780.00,00:00:26:00.0,26,,pulso,tempo=1
790.00,00:00:26:10.0,26.3333,s9,tick,forte=1
792.00,00:00:26:12.0,26.4,s9,tick,forte=1
794.00,00:00:26:14.0,26.4667,s9,tick,forte=1
795.00,00:00:26:15.0,26.5,,pulso,tempo=0
796.00,00:00:26:16.0,26.5333,s9,tick,forte=1
810.00,00:00:27:00.0,27,,pulso,tempo=0
825.00,00:00:27:15.0,27.5,,pulso,tempo=0
840.00,00:00:28:00.0,28,,pulso,tempo=1
855.00,00:00:28:15.0,28.5,s9,hit,
855.00,00:00:28:15.0,28.5,s9c,corte,
855.00,00:00:28:15.0,28.5,,pulso,tempo=0
865.00,00:00:28:25.0,28.8333,s9,tick,forte=1
867.00,00:00:28:27.0,28.9,s9,tick,forte=1
869.00,00:00:28:29.0,28.9667,s9,tick,forte=1
870.00,00:00:29:00.0,29,,pulso,tempo=0
871.00,00:00:29:01.0,29.0333,s9,tick,forte=1
873.00,00:00:29:03.0,29.1,s9,tick,forte=1
875.00,00:00:29:05.0,29.1667,s9,tick,forte=1
885.00,00:00:29:15.0,29.5,,pulso,tempo=0
900.00,00:00:30:00.0,30,,pulso,tempo=1
915.00,00:00:30:15.0,30.5,,pulso,tempo=0
930.00,00:00:31:00.0,31,s9,hit,
930.00,00:00:31:00.0,31,s9d,corte,
930.00,00:00:31:00.0,31,,pulso,tempo=0
940.00,00:00:31:10.0,31.3333,s9,tick,forte=1
942.00,00:00:31:12.0,31.4,s9,tick,forte=1
944.00,00:00:31:14.0,31.4667,s9,tick,forte=1
945.00,00:00:31:15.0,31.5,,pulso,tempo=0
946.00,00:00:31:16.0,31.5333,s9,tick,forte=1
948.00,00:00:31:18.0,31.6,s9,tick,forte=1
950.00,00:00:31:20.0,31.6667,s9,tick,forte=1
960.00,00:00:32:00.0,32,,pulso,tempo=1
975.00,00:00:32:15.0,32.5,,pulso,tempo=0
990.00,00:00:33:00.0,33,,pulso,tempo=0
1005.00,00:00:33:15.0,33.5,s10a0,corte,
1005.00,00:00:33:15.0,33.5,s10ao,corte,
1005.00,00:00:33:15.0,33.5,,pulso,tempo=0
1020.00,00:00:34:00.0,34,,pulso,tempo=1
1028.00,00:00:34:08.0,34.2667,s10a1,corte,
1035.00,00:00:34:15.0,34.5,,pulso,tempo=0
1039.00,00:00:34:19.0,34.6333,s10,whoosh,dur=12 pan=-0.3 vol=0.4
1050.00,00:00:35:00.0,35,,pulso,tempo=0
1063.00,00:00:35:13.0,35.4333,s10a2,corte,
1065.00,00:00:35:15.0,35.5,,pulso,tempo=0
1074.00,00:00:35:24.0,35.8,s10,whoosh,dur=12 pan=-0.3 vol=0.4
1080.00,00:00:36:00.0,36,,pulso,tempo=1
1095.00,00:00:36:15.0,36.5,,pulso,tempo=0
1098.00,00:00:36:18.0,36.6,s10b0,corte,
1109.00,00:00:36:29.0,36.9667,s10,whoosh,dur=16 pan=-0.3 vol=0.4
1110.00,00:00:37:00.0,37,s10bo,corte,
1110.00,00:00:37:00.0,37,,pulso,tempo=0
1125.00,00:00:37:15.0,37.5,,pulso,tempo=0
1133.00,00:00:37:23.0,37.7667,s10b1,corte,
1140.00,00:00:38:00.0,38,,pulso,tempo=1
1144.00,00:00:38:04.0,38.1333,s10,whoosh,dur=12 pan=-0.3 vol=0.4
1155.00,00:00:38:15.0,38.5,,pulso,tempo=0
1168.00,00:00:38:28.0,38.9333,s10b2,corte,
1170.00,00:00:39:00.0,39,,pulso,tempo=0
1179.00,00:00:39:09.0,39.3,s10,whoosh,dur=12 pan=-0.3 vol=0.4
1185.00,00:00:39:15.0,39.5,,pulso,tempo=0
1200.00,00:00:40:00.0,40,,pulso,tempo=1
1203.00,00:00:40:03.0,40.1,s10c0,corte,
1214.00,00:00:40:14.0,40.4667,s10,whoosh,dur=16 pan=-0.3 vol=0.4
1215.00,00:00:40:15.0,40.5,s10co,corte,
1215.00,00:00:40:15.0,40.5,,pulso,tempo=0
1230.00,00:00:41:00.0,41,,pulso,tempo=0
1238.00,00:00:41:08.0,41.2667,s10c1,corte,
1245.00,00:00:41:15.0,41.5,,pulso,tempo=0
1249.00,00:00:41:19.0,41.6333,s10,whoosh,dur=12 pan=-0.3 vol=0.4
1260.00,00:00:42:00.0,42,,pulso,tempo=1
1273.00,00:00:42:13.0,42.4333,s10c2,corte,
1275.00,00:00:42:15.0,42.5,,pulso,tempo=0
1284.00,00:00:42:24.0,42.8,s10,whoosh,dur=12 pan=-0.3 vol=0.4
1290.00,00:00:43:00.0,43,,pulso,tempo=0
1305.00,00:00:43:15.0,43.5,,pulso,tempo=0
1308.00,00:00:43:18.0,43.6,s10d0,corte,
1319.00,00:00:43:29.0,43.9667,s10,whoosh,dur=16 pan=-0.3 vol=0.4
1320.00,00:00:44:00.0,44,s10do,corte,
1320.00,00:00:44:00.0,44,,pulso,tempo=1
1335.00,00:00:44:15.0,44.5,,pulso,tempo=0
1343.00,00:00:44:23.0,44.7667,s10d1,corte,
1350.00,00:00:45:00.0,45,,pulso,tempo=0
1354.00,00:00:45:04.0,45.1333,s10,whoosh,dur=12 pan=-0.3 vol=0.4
1365.00,00:00:45:15.0,45.5,,pulso,tempo=0
1378.00,00:00:45:28.0,45.9333,s10d2,corte,
1380.00,00:00:46:00.0,46,,pulso,tempo=1
1389.00,00:00:46:09.0,46.3,s10,whoosh,dur=12 pan=-0.3 vol=0.4
1395.00,00:00:46:15.0,46.5,,pulso,tempo=0
1410.00,00:00:47:00.0,47,,pulso,tempo=0
1425.00,00:00:47:15.0,47.5,s11,hit,
1425.00,00:00:47:15.0,47.5,s11,corte,
1425.00,00:00:47:15.0,47.5,,pulso,tempo=0
1440.00,00:00:48:00.0,48,,pulso,tempo=1
1455.00,00:00:48:15.0,48.5,,pulso,tempo=0
1470.00,00:00:49:00.0,49,,pulso,tempo=0
1485.00,00:00:49:15.0,49.5,,pulso,tempo=0
1500.00,00:00:50:00.0,50,s12,corte,
1500.00,00:00:50:00.0,50,,pulso,tempo=1
1515.00,00:00:50:15.0,50.5,,pulso,tempo=0
1530.00,00:00:51:00.0,51,,pulso,tempo=0
1535.00,00:00:51:05.0,51.1667,s12,tick,forte=1
1545.00,00:00:51:15.0,51.5,,pulso,tempo=0
1555.00,00:00:51:25.0,51.8333,s12,tick,forte=1
1560.00,00:00:52:00.0,52,,pulso,tempo=1
1575.00,00:00:52:15.0,52.5,s12,tick,forte=1
1575.00,00:00:52:15.0,52.5,,pulso,tempo=0
1590.00,00:00:53:00.0,53,,pulso,tempo=0
1595.00,00:00:53:05.0,53.1667,s12,tick,forte=1
1605.00,00:00:53:15.0,53.5,,pulso,tempo=0
1615.00,00:00:53:25.0,53.8333,s12,tick,forte=1
1620.00,00:00:54:00.0,54,,pulso,tempo=1
1635.00,00:00:54:15.0,54.5,s12,tick,forte=1
1635.00,00:00:54:15.0,54.5,,pulso,tempo=0
1650.00,00:00:55:00.0,55,,pulso,tempo=0
1655.00,00:00:55:05.0,55.1667,s12,tick,forte=1
1665.00,00:00:55:15.0,55.5,,pulso,tempo=0
1675.00,00:00:55:25.0,55.8333,s12,tick,forte=1
1680.00,00:00:56:00.0,56,,pulso,tempo=1
1695.00,00:00:56:15.0,56.5,s12,tick,forte=1
1695.00,00:00:56:15.0,56.5,,pulso,tempo=0
1710.00,00:00:57:00.0,57,,pulso,tempo=0
1725.00,00:00:57:15.0,57.5,s13,hit,
1725.00,00:00:57:15.0,57.5,s13,corte,
1725.00,00:00:57:15.0,57.5,,pulso,tempo=0
1740.00,00:00:58:00.0,58,,pulso,tempo=1
1751.00,00:00:58:11.0,58.3667,s13,tick,forte=1
1755.00,00:00:58:15.0,58.5,,pulso,tempo=0
1757.00,00:00:58:17.0,58.5667,s13,tick,forte=1
1770.00,00:00:59:00.0,59,,pulso,tempo=0
1785.00,00:00:59:15.0,59.5,,pulso,tempo=0
1800.00,00:00:60:00.0,60,,pulso,tempo=1
1815.00,00:00:60:15.0,60.5,,pulso,tempo=0
1830.00,00:00:61:00.0,61,,pulso,tempo=0
1845.00,00:00:61:15.0,61.5,s14,hit,
1845.00,00:00:61:15.0,61.5,s14,corte,
1845.00,00:00:61:15.0,61.5,,pulso,tempo=0
1860.00,00:00:62:00.0,62,,pulso,tempo=1
1875.00,00:00:62:15.0,62.5,,pulso,tempo=0
1884.00,00:00:62:24.0,62.8,s14,tick,forte=1
1890.00,00:00:63:00.0,63,,pulso,tempo=0
1905.00,00:00:63:15.0,63.5,s15,corte,
1909.00,00:00:63:19.0,63.6333,s15,riser,dur=63
1972.00,00:00:65:22.0,65.7333,s15,hit,final=1
